Model,mAP50,mAP50-95
npt_nfrozen,0.04540434017104441,0.026585350943849513
